"Nome","Ruolo","FantaValue","Media acquisto"
"Svilar","P","19","45"
"Carnesecchi","P","16","28"
"Martinez Jo.","P","16","32"
"Vicario","P","16","31"
"Butez","P","15","24"
"Maignan","P","14","26"
"Caprile","P","11","12"
"Mandas","P","11","18"
"Skorupski","P","10","14"
"De Gea","P","10","12"
"Meret","P","10","22"
"Perri","P","9","8"
"Falcone","P","8","12"
"Okoye","P","8","13"
"Sanchez Ro.","P","8","8"
"Bijlow","P","7","6"
"Palmisani","P","6","6"
"Daffara","P","6","2"
"Muric","P","6","7"
"Milinkovic-Savic V.","P","5","5"
"Stankovic F.","P","5","4"
"Thiam","P","4","2"
"Corvi","P","3","5"
"Pessina Mas.","P","2","0"
"Sportiello","P","1","0"
"Happonen","P","1","0"
"Sherri","P","1","0"
"Tornqvist","P","1","2"
"Vigorito","P","1","0"
"Christensen O.","P","1","0"
"Lezzerini","P","1","0"
"Desplanches","P","1","0"
"Lolic","P","1","0"
"Sommariva","P","1","0"
"Stolz","P","1","0"
"Di Gennaro","P","1","0"
"Provedel","P","1","2"
"Pinsoglio","P","1","0"
"Motta","P","1","0"
"Renzetti","P","1","0"
"Terracciano","P","1","0"
"Torriani","P","1","0"
"Strajnar","P","1","0"
"Contini","P","1","0"
"De Marzi","P","1","0"
"Gollini","P","1","0"
"Russo A.","P","1","0"
"Turati","P","1","0"
"Mascardi","P","1","0"
"Siviero","P","1","0"
"Padelli","P","1","0"
"Grandi","P","1","0"
"Pozzi","P","1","0"
"Satalino","P","1","0"
"Penev","P","1","0"
"Pisseri","P","1","0"
"Radunovic","P","1","0"
"Montipò","P","1","0"
"Bleve","P","1","0"
"Grabara","P","1","0"
"Mrozek","P","1","0"
"Ghidotti","P","1","0"
"Pompei","P","1","0"
"Dimarco","D","30","125"
"Wesley","D","18","44"
"Molina N.","D","18","32"
"Bremer","D","16","28"
"Akanji","D","15","20"
"Mancini","D","15","27"
"Bastoni","D","14","21"
"Rrahmani","D","14","26"
"Kalulu","D","13","22"
"Pavlovic","D","13","22"
"Solet","D","13","18"
"Ramon","D","12","18"
"Bisseck","D","12","18"
"Stones","D","12","10"
"Gila","D","12","14"
"Di Lorenzo","D","12","18"
"N'Dicka","D","12","18"
"Hermoso","D","11","17"
"Spence","D","11","12"
"Scalvini","D","10","12"
"Ostigard","D","10","16"
"Chalobah T.","D","10","15"
"Dodò","D","9","8"
"Vasquez","D","9","16"
"Carlos Augusto","D","9","12"
"Tiago Gabriel","D","9","12"
"Mangas","D","9","12"
"Valeri","D","9","11"
"Kamara H.","D","9","6"
"Couto","D","9","16"
"Zappacosta","D","8","7"
"Lucumì","D","8","8"
"Miranda J.","D","8","11"
"Obert","D","8","8"
"Kaiki","D","8","8"
"Dragusin","D","8","9"
"Jimenez A.","D","8","10"
"Cambiaso","D","8","6"
"Doekhi","D","8","8"
"Bartesaghi","D","8","6"
"Spinazzola","D","8","12"
"Delprato","D","8","12"
"Comuzzo","D","8","6"
"Vojvoda","D","8","10"
"Theate","D","8","11"
"Belghali","D","8","8"
"Diego Carlos","D","8","10"
"Hien","D","7","6"
"Mina","D","7","8"
"Zè Pedro","D","7","8"
"Valle","D","7","12"
"Bracaglia","D","7","9"
"Oyono A.","D","7","5"
"Celik","D","7","9"
"Tavares N.","D","7","14"
"Koulierakis","D","7","5"
"Idzes","D","7","8"
"Doig","D","7","5"
"Coco","D","7","7"
"Ismajli","D","7","6"
"Fortini","D","7","6"
"Leysen F.","D","7","7"
"Balerdi","D","7","7"
"Kolasinac","D","6","6"
"Bernasconi","D","6","8"
"Heggem","D","6","8"
"Holm","D","6","6"
"Zortea","D","6","8"
"Kempf","D","6","6"
"Viery","D","6","7"
"Calvani","D","6","6"
"Monterisi","D","6","6"
"Marcandalli","D","6","7"
"Pavard","D","6","8"
"Marusic","D","6","12"
"Veiga D.","D","6","6"
"Gallo","D","6","6"
"Gabbia","D","6","7"
"Tomori","D","6","4"
"Birindelli","D","6","8"
"Buongiorno","D","6","7"
"Kristensen T.","D","6","8"
"Hainaut","D","6","6"
"Obrador","D","6","6"
"Badiashile","D","6","6"
"Sutalo J.","D","6","10"
"Caleta-Car","D","6","6"
"Sugawara","D","6","8"
"Leite","D","6","7"
"Bellanova","D","5","8"
"Kofler","D","5","2"
"Rodriguez Ju.","D","5","8"
"Valdepenas","D","5","6"
"Gatti","D","5","6"
"Kelly L.","D","5","7"
"Pedraza","D","5","7"
"Siebert","D","5","6"
"De Winter","D","5","13"
"Beukema","D","5","5"
"Ghilardi","D","5","4"
"Comert","D","5","7"
"Abankwah","D","5","7"
"Bella-Kotchap","D","5","6"
"Correia T.","D","5","4"
"Haps","D","5","5"
"Favasuli","D","5","8"
"Patterson","D","5","5"
"Rodriguez R.","D","5","7"
"Vitik","D","4","5"
"Parisi","D","4","5"
"Cittadini","D","4","6"
"Provstgaard","D","4","6"
"Floriani Mussolini","D","4","6"
"Gaspar K.","D","4","6"
"Lucchesi","D","4","6"
"Kouadio","D","4","5"
"Carboni A.","D","4","6"
"Olivera","D","4","6"
"Troilo","D","4","7"
"Valenti","D","4","5"
"Britschgi","D","4","6"
"Rensch","D","4","8"
"Bertola","D","4","5"
"Moreno M.","D","4","3"
"Sagrado","D","4","2"
"Terzic","D","4","2"
"Cinquegrano","D","4","5"
"Juan Jesus","D","4","6"
"Ehizibue","D","4","5"
"Kossounou","D","3","6"
"Helland","D","3","6"
"Smolcic I.","D","3","5"
"Pongracic","D","3","4"
"Ranieri L.","D","3","6"
"Mitaj","D","3","4"
"Estupinan","D","3","6"
"Walukiewicz","D","3","6"
"Kabasele","D","3","6"
"Ebosse","D","3","2"
"Zanoli","D","3","5"
"Arizala","D","3","4"
"Odenthal","D","3","4"
"Lulli","D","3","5"
"Drameh","D","3","5"
"Casale","D","2","2"
"Alhassane","D","2","3"
"Idrissi R.","D","2","2"
"Joao Mario","D","2","6"
"Akpoguma","D","2","3"
"Otoa","D","2","2"
"Sabelli","D","2","2"
"Bakoune","D","2","2"
"Marin R.","D","2","6"
"Candè","D","2","4"
"Palma","D","2","6"
"Halhal","D","2","5"
"Schingtienne","D","2","5"
"Sverko","D","2","4"
"Franjic","D","2","4"
"Goglichidze","D","2","4"
"Tchato","D","2","3"
"Kambwala","D","2","4"
"Drobnic","D","2","0"
"De Silvestri","D","1","2"
"Goldaniga","D","1","0"
"Van Der Brempt","D","1","6"
"Amey","D","1","0"
"Puczka","D","1","2"
"Rugani","D","1","2"
"Cabal","D","1","2"
"Patric","D","1","0"
"Lazzari","D","1","2"
"Pellegrini Lu.","D","1","4"
"Jean","D","1","2"
"Ndaba","D","1","2"
"Diawara S.","D","1","2"
"Antov","D","1","1"
"Marianucci","D","1","2"
"Mazzocchi","D","1","6"
"Ndiaye","D","1","4"
"Carboni F.","D","1","2"
"Ziolkowski","D","1","4"
"Pieragnolo","D","1","0"
"Biraghi","D","1","3"
"Gomes","D","1","0"
"Aurelio","D","1","2"
"Omar Fayed","D","1","0"
"Terracciano F.","D","1","4"
"Maye","D","1","0"
"Dembelè A.","D","1","1"
"Paz N.","C","30","128"
"Calhanoglu","C","27","134"
"McTominay","C","26","75"
"Orsolini","C","24","73"
"Pulisic","C","24","71"
"Rabiot","C","23","68"
"Baturina","C","20","78"
"Mora","C","20","46"
"Da Cunha","C","18","42"
"Barella","C","18","44"
"De Bruyne","C","17","48"
"Zaniolo","C","17","36"
"Atta","C","16","34"
"McKennie","C","16","30"
"Zaccagni","C","16","50"
"Mastantuono","C","14","35"
"Samardzic","C","13","18"
"Gudmundsson A.","C","13","20"
"Zielinski","C","13","20"
"Conceicao","C","13","32"
"Taylor K.","C","13","22"
"Ekkelenkamp","C","13","32"
"Moreira","C","13","25"
"Gonzalez N.","C","13","24"
"Ederson D.S.","C","12","26"
"Modric","C","12","24"
"Vlasic","C","12","30"
"Jones C.","C","12","18"
"Perrone","C","11","20"
"Rodriguez Je.","C","11","12"
"Baldanzi","C","11","11"
"Frattesi","C","11","58"
"Alajbegovic","C","11","20"
"Kessiè","C","11","19"
"Goncalves P.","C","11","20"
"Bernardeschi","C","10","13"
"Rowe","C","10","18"
"Mandragora","C","10","18"
"Diouf","C","10","28"
"Cancellieri","C","10","10"
"Saelemaekers","C","10","14"
"Lobotka","C","10","16"
"Zambo Anguissa","C","10","15"
"Politano","C","10","18"
"Konè M.","C","10","22"
"Thorstvedt","C","10","16"
"Calò","C","9","18"
"Thuram K.","C","9","8"
"Isaksen","C","9","11"
"Coulibaly L.","C","9","10"
"Colpani","C","9","6"
"Vergara","C","9","16"
"Cristante","C","9","17"
"Adzic","C","9","8"
"Volpato","C","9","12"
"Casadei","C","9","10"
"Pellegrini Lo.","C","9","9"
"Pasalic","C","8","10"
"Ferguson","C","8","14"
"Cambiaghi","C","8","11"
"Adopo","C","8","8"
"Romano","C","8","13"
"Fagioli","C","8","12"
"Ndour","C","8","8"
"Sucic P.","C","8","10"
"Locatelli","C","8","10"
"Zhegrova","C","8","12"
"Chukwueze","C","8","11"
"Pisilli","C","8","15"
"Konè I.","C","8","10"
"Karlstrom","C","8","12"
"Schmid","C","8","13"
"Gaetano","C","7","16"
"Zalewski","C","7","6"
"Pobega","C","7","8"
"Odgaard","C","7","7"
"Winks","C","7","10"
"Fazzini","C","7","14"
"Frendrup","C","7","12"
"Koopmeiners","C","7","10"
"Akinsanmiro","C","7","6"
"Bernabè","C","7","15"
"Matic","C","7","10"
"Cacciamani","C","7","13"
"Unai Gomez","C","7","7"
"Busio","C","7","8"
"Sow","C","7","10"
"Hutchinson","C","7","9"
"Monteiro J.","C","7","10"
"Sarr P.","C","7","14"
"Mbangula","C","7","10"
"Braganca","C","7","10"
"El Shaarawy","C","7","6"
"Milla","C","6","16"
"Caqueret","C","6","6"
"Liberali","C","6","6"
"Oulai","C","6","10"
"Zerbin","C","6","5"
"Ellertsson","C","6","8"
"Rovella","C","6","10"
"Pierotti","C","6","8"
"Pessina","C","6","10"
"Keita M.","C","6","8"
"Bakola","C","6","9"
"Fitz-Jim","C","6","12"
"Gineitis","C","6","8"
"Oristanio","C","6","7"
"Piotrowski","C","6","8"
"Basic","C","6","10"
"Perez K.","C","6","8"
"Cissè A.","C","6","19"
"Elmas","C","6","10"
"Deiola","C","5","4"
"Felici","C","5","4"
"Fini ","C","5","6"
"Masini","C","5","5"
"Messias","C","5","4"
"Jashari","C","5","6"
"Musah","C","5","8"
"Nicolussi Caviglia","C","5","10"
"Almqvist","C","5","6"
"Njie","C","5","14"
"Sohm","C","5","5"
"Tourè I.","C","5","8"
"De Roon","C","4","6"
"Amondarain","C","4","7"
"Moro N.","C","4","8"
"Dominguez B.","C","4","6"
"Fadera","C","4","5"
"Addai","C","4","4"
"Cichella","C","4","8"
"Amorim","C","4","6"
"Meichtry","C","4","6"
"Traorè Hj.","C","4","4"
"Luis Henrique","C","4","7"
"Mkhitaryan","C","4","4"
"Douglas Luiz","C","4","6"
"Dele-Bashiru","C","4","6"
"Maleh","C","4","4"
"Ngom","C","4","8"
"Berisha M.","C","4","6"
"Gandelman","C","4","5"
"Loftus-Cheek","C","4","8"
"Folorunsho","C","4","8"
"Ilkhan","C","4","5"
"Miller L.","C","4","8"
"Grillitsch","C","4","6"
"Massolin","C","4","6"
"Sulemana I.","C","3","4"
"Brescianini","C","3","6"
"Fabbian","C","3","6"
"Hasa","C","3","2"
"Belahyane","C","3","2"
"Cataldi","C","3","6"
"Gorter","C","3","8"
"Ricci S.","C","3","8"
"Gilmour","C","3","5"
"Ordonez C.","C","3","6"
"Diallo O.","C","3","5"
"Lipani","C","3","2"
"Ilic","C","3","10"
"Aboukhlal","C","3","2"
"Gagliardini","C","3","4"
"Fernandez T.","C","3","3"
"El Azzouzi O.","C","2","6"
"Gelli F.","C","2","3"
"Stankovic A.","C","2","4"
"Colombo L.","C","2","2"
"Cremaschi","C","2","2"
"Zarraga","C","2","2"
"Chakvetadze","C","2","3"
"Helgason","C","2","2"
"Forson O.","C","2","0"
"Foe Ondoa","C","2","1"
"Jovanovic","C","2","2"
"Sierro","C","2","0"
"Liteta","C","1","0"
"Lahdo","C","1","0"
"El Azzouzi A.","C","1","0"
"Kone B.","C","1","2"
"Venturino","C","1","2"
"Przyborek","C","1","2"
"Kaba","C","1","1"
"Fofana Sa.","C","1","0"
"Ciurria","C","1","3"
"Boloca","C","1","2"
"Dagasso","C","1","0"
"Duncan","C","1","2"
"Laerke","C","1","0"
"Comotto","C","1","0"
"Mout","C","1","6"
"Ciervo","C","1","0"
"Libra","C","1","0"
"Lovric","C","1","0"
"Malen","A","37","225"
"Martinez L.","A","34","191"
"Thuram","A","30","136"
"Hojlund","A","28","142"
"Ramos G.","A","26","110"
"Kean","A","24","82"
"Kolo Muani","A","24","60"
"Woltemade","A","22","64"
"Douvikas","A","21","82"
"Yildiz","A","21","38"
"Scamacca","A","20","52"
"Davis K.","A","19","58"
"Esposito F.P.","A","18","55"
"Berardi","A","18","53"
"Krstovic","A","17","44"
"De Ketelaere","A","16","43"
"Dovbyk","A","16","18"
"Pellegrino M.","A","16","27"
"Dybala","A","16","56"
"Laurientè","A","16","40"
"Soulè","A","15","28"
"Diao","A","14","36"
"Santos A.","A","14","28"
"Castro S.","A","14","28"
"Simeone","A","14","30"
"Beto","A","14","24"
"Raspadori","A","13","25"
"Esposito Se.","A","13","22"
"Adams A.","A","12","16"
"Raimondo","A","11","28"
"Bowie","A","11","17"
"Pinamonti","A","11","24"
"Adams C.","A","11","14"
"Kevin Carlos","A","11","11"
"Romero D.","A","11","16"
"Colombo","A","10","24"
"Yeboah J.","A","10","15"
"Tourè E.","A","10","15"
"Maldini","A","9","14"
"Piccoli","A","9","20"
"Ghedjemis","A","9","14"
"Kvernadze","A","9","18"
"Cutrone","A","9","7"
"Osmajic","A","9","14"
"Bobcek","A","9","5"
"Vitinha O.","A","8","6"
"Bonny","A","8","8"
"Noslin","A","8","8"
"Geubbels","A","8","8"
"Mendy P.","A","7","6"
"Stulic","A","7","5"
"Varela G.","A","7","17"
"Rrahmani Al.","A","7","4"
"Zeballos","A","7","10"
"Gnonto","A","7","11"
"Boga","A","6","12"
"Zapata D.","A","6","5"
"Gueye","A","6","4"
"Robinson J.","A","6","6"
"Sulemana K.","A","5","2"
"Mota","A","5","4"
"Neres","A","5","10"
"Lontani","A","5","8"
"N'Dri","A","4","6"
"Camarda","A","4","6"
"Lang","A","4","6"
"Frigan","A","4","3"
"Adorante","A","4","2"
"Milik","A","4","2"
"Fatah","A","4","4"
"Birligea","A","4","4"
"Ngonge","A","4","6"
"Nzola","A","4","5"
"Havel","A","3","2"
"Giovane","A","3","2"
"Lucca","A","3","5"
"Elphege","A","3","5"
"Kulenovic","A","3","4"
"Ekhator","A","2","4"
"Lauberbach","A","2","0"
"Enem","A","2","2"
"Trepy","A","1","0"
"Bayo V.","A","1","2"
"Lisman","A","1","0"
"De Martis","A","1","0"
"Robinho Junior","A","1","1"
